,cpu_usage
0,7.855622497879595
1,8.049307484847887
2,8.102681655319003
3,7.878134082542895
4,7.939705445848839
5,7.986683356810655
6,8.053064038450163
7,7.827410537853381
8,7.988946007900276
9,7.932304162356828
10,8.031304359993422
11,7.888081419877017
12,8.095526317167534
13,8.152481163052876
14,7.919344793474701
15,8.00268957750395
16,7.906079625036147
17,7.892563460641601
18,8.022833329379122
19,8.011373748507705
20,7.988291064836274
21,7.929720850605567
22,8.086678849619355
23,8.129849085183503
24,8.191348010832021
25,8.098306890211212
26,8.048316269854551
27,8.09866897163001
28,7.97937862979921
29,8.02795430635513
30,7.934840949999286
31,7.976066044233687
32,8.268678882279826
33,7.875504611576847
34,8.022321831720959
35,8.014695713789306
36,8.128631444671784
37,8.163220125622354
38,8.025281851726392
39,7.948262542159023
40,8.00086516423889
41,7.9108570620153005
42,8.029411942278125
43,7.8435952594923055
44,8.027663761891226
45,8.137032259648866
46,7.960163000726102
47,7.9115776978739065
48,8.008052109103058
49,8.022511424166268
50,7.939630670266592
51,7.9210469298432
52,7.900385191638569
53,7.898680990860282
54,8.054197700428228
55,7.891077880414632
56,7.890032231839564
57,7.997518417906502
58,7.8115709580969925
59,7.981638411712665
60,8.157899762725433
61,7.966128778050286
62,8.098723363895258
63,8.118139693722227
64,8.049224053696024
65,8.004842900122823
66,7.9767227683865505
67,8.023285941663339
68,8.1506724165665
69,7.9980348742547305
70,8.024603997312155
71,8.016347399486222
72,7.7145514064493
73,8.009333215157982
74,7.855789864992667
75,8.180525850326143
76,8.032700967472826
77,7.930028421962242
78,8.03094379650924
79,7.968580991892948
80,8.089722009415917
81,7.977077511041503
82,8.136213355104221
83,7.882754679158865
84,8.088641302041477
85,7.881061920086617
86,7.894705117538556
87,8.036597262458613
88,8.229023052222807
89,7.818385572278475
90,7.928922503790201
91,7.773550335574064
92,7.875593441718424
93,7.902922348970435
94,7.965227121928366
95,7.9918928075558595
96,7.923019273958299
97,7.994880530395574
98,7.9987821736847815
99,8.02841726701927
100,8.109222566357273
101,8.107919064351611
102,8.196141481432491
103,8.059760266461208
104,7.939076837404721
105,7.909824826053198
106,8.069328680111996
107,8.105849995519364
108,8.028071941530014
109,8.060366341607184
110,8.041395027971042
111,8.075469929863523
112,8.042739003763783
113,8.007568567871541
114,7.784284360612293
115,7.792790936212446
116,8.035406271726727
117,8.01319887293429
118,8.007857056239176
119,7.949469778098647
120,8.014877614207323
121,8.04607985455867
122,8.012295638990642
123,8.045449274505202
124,7.94169629797787
125,8.075161271295544
126,8.072242400162864
127,7.998425648982887
128,8.149616159983669
129,8.071286135006854
130,8.11417319083677
131,8.128638626370082
132,7.869627490977235
133,7.9877051535777905
134,8.06407200189776
135,8.051406698767533
136,7.930822326804067
137,7.940260012394184
138,8.067296050321675
139,8.100266838074983
140,7.906047192430488
141,7.847077884565463
142,8.070676904248824
143,7.918998385138784
144,7.906832581728889
145,8.025337354064021
146,7.984906167177294
147,7.936478066610854
148,8.056976727578368
149,7.957822435603558
150,8.146040759121258
151,8.203811582718542
152,7.929934229266245
153,8.064728412125467
154,7.87164841340524
155,7.954407494081547
156,8.047073703729179
157,8.00060810586951
158,8.20046132785491
159,7.99120311801385
160,8.094861946159874
161,7.945706323269298
162,7.937158366582818
163,8.021289760749365
164,7.881779547887295
165,8.033892157151563
166,7.941063299779637
167,7.846339965910054
168,7.983482155226315
169,7.990929692587029
170,8.012444424369912
171,8.078018995762971
172,8.128530692846104
173,7.983730053284346
174,7.87863288493211
175,8.02665359362957
176,8.077571354996666
177,7.967613870069094
178,8.049434475268656
179,7.994745115183421
180,7.89675327294017
181,8.051379279219786
182,8.040995193740178
183,7.9787364131415135
184,8.121722991923104
185,7.9564004147430625
186,8.184010762479204
187,8.129088210990744
188,8.082632645083251
189,7.8867846333547185
190,7.869029920282527
191,8.043874856729866
192,7.941993212504005
193,7.994732280622246
194,7.974317544894828
195,7.98053499545475
196,7.785723112914014
197,8.110582955702188
198,8.037414897602966
199,8.181226631135411
200,5.079642615713093
201,4.955483833808461
202,4.965330562224559
203,4.897819840561517
204,5.102466909567722
205,5.04816461039225
206,4.8741134506280765
207,5.0380918581303
208,4.981887714221313
209,5.034722856482479
210,4.7905378453167184
211,4.8546008293157925
212,4.998556495618221
213,4.954155928052163
214,5.031915585693643
215,5.03937628150822
216,4.770856067492564
217,4.913660945901172
218,5.029050617761142
219,5.035001429964758
220,4.999928999740132
221,4.9475806070983035
222,4.92745759528514
223,5.052606560569963
224,4.952185185685121
225,5.043243020987944
226,4.965561441314903
227,5.141349095132129
228,5.11190385995916
229,4.963887409172189
230,5.071483887944519
231,4.81048625230726
232,5.053917570422774
233,4.941773338282641
234,5.030775011746418
235,4.9862630767032465
236,4.9598468707679455
237,4.983560559289784
238,4.963142492683998
239,4.934756295934756
240,5.071535468157954
241,4.939325181745507
242,4.850748652829159
243,5.037839075611552
244,4.9889837874761405
245,5.214918336854042
246,5.095076629967756
247,5.012918252617522
248,5.0523681672831415
249,5.031261556683138
250,4.848412105425563
251,5.005996772658871
252,5.018538904363065
253,5.068263462032316
254,5.011011845787242
255,5.046859978500061
256,5.0770130920843295
257,5.193257174796766
258,4.991501521399378
259,5.149144384276039
260,5.05100484376417
261,4.8990951659923265
262,4.881178915861162
263,5.0636578568414
264,4.908212839844232
265,5.093507576071261
266,5.300930850178044
267,4.940013095531667
268,5.086282400256241
269,4.969738728838502
270,4.969793348339242
271,4.674165576297179
272,5.077494292626047
273,5.192768966295599
274,5.06423329897088
275,5.072262709065598
276,4.9713599398406725
277,4.914280468841599
278,4.868774616438276
279,5.061711160346807
280,4.988073844631845
281,4.97935680190147
282,4.936425012248828
283,5.001754970024853
284,5.022608070331967
285,4.958732911831798
286,4.870565420683651
287,5.037391548700198
288,5.024026772411643
289,5.031215819826103
290,4.8846594359863555
291,5.073332307694365
292,4.951128132311314
293,4.909755496646175
294,4.8643560141785605
295,5.038980964784362
296,5.041849510701399
297,5.02731031253759
298,4.944498568805173
299,4.896646793681015
300,5.046368346963886
301,4.855429114776541
302,4.887117582858262
303,5.1457780428886535
304,5.05754933975321
305,4.914831807795835
306,4.8536825964360615
307,5.12714586956929
308,5.024322804589166
309,4.948352169884939
310,5.065405746137583
311,4.852594182968532
312,5.1946172142109495
313,5.099582091938276
314,4.926189832532381
315,5.063225907019001
316,5.022123774672662
317,5.211231685378889
318,4.980240409856556
319,5.037526524630633
320,5.009934976519562
321,5.039660037820856
322,5.0502250845719345
323,4.860751918887656
324,5.168063811381205
325,4.917731044391633
326,4.918922266665873
327,4.9347188813046445
328,4.891910733843799
329,4.9613959194517
330,4.987200389894602
331,5.0799873855804085
332,4.9763333432147165
333,5.0226324411811625
334,4.952264419235644
335,5.036135615505852
336,4.895731351238107
337,4.956459756365289
338,4.891747211022735
339,5.109717471354306
340,5.159375671415798
341,4.994304058685709
342,5.012289111269262
343,5.139214569110145
344,5.1092818776673745
345,4.836220182629264
346,4.982390301743904
347,5.109760875888241
348,4.969732999542653
349,4.944874678607531
350,5.093635449902581
351,4.973239896492169
352,4.865560627109659
353,4.962954772163102
354,4.9548394137959235
355,4.972121252131626
356,4.921484028887726
357,4.965942969500795
358,5.039360811594347
359,4.9572428352993985
360,5.038708441018658
361,4.984270079632578
362,4.894421380971827
363,4.955248423590428
364,5.120139606877183
365,5.223243814566635
366,4.961604551423411
367,4.9813201091148045
368,5.0724087307796974
369,4.9491524954969
370,5.081406906014674
371,5.009449013318382
372,5.170874591185868
373,5.056519310223228
374,5.033471649255932
375,4.751971144302806
376,5.1691872644538295
377,4.783872595095285
378,4.919914333978582
379,4.893441712391814
380,4.971276456407976
381,4.911118964009436
382,5.051097475474977
383,4.973531852292546
384,5.095225463794801
385,4.919128786750793
386,4.886403044986981
387,5.1355662647048
388,5.031856785954045
389,5.13623976892452
390,4.7990189158141785
391,4.917773429917242
392,4.8689010028895865
393,4.915038722208976
394,5.133422632941172
395,5.039332853197575
396,5.110347118199901
397,4.9767112025458875
398,4.870536380837989
399,5.014429075351099
400,100.08584917476136
401,99.95166059042808
402,100.14464647177479
403,99.98258191391024
404,99.9431008124879
405,100.01923242468817
406,99.95454895350164
407,100.00748339172418
408,99.95132026069628
409,99.89565135622192
410,99.99557563829514
411,99.88890643330507
412,100.08898535030221
413,100.08744690183131
414,99.98566467885678
415,99.79927573418117
416,100.01822207825215
417,100.06846679109475
418,99.96387960940591
419,100.03331704471694
420,100.15986113473745
421,99.88630472967814
422,99.96991842224159
423,99.95527846606217
424,100.01711793496659
425,100.1088853979364
426,100.14402981893357
427,99.9254604676363
428,99.92979756473126
429,99.98941542150249
430,99.99691555730395
431,99.92114838510518
432,99.95627972605952
433,99.93511206184353
434,99.9964090880743
435,100.1102906765573
436,100.36625180933002
437,100.17155821063055
438,100.21447344188495
439,100.077433551226
440,99.9650627275638
441,99.92451865302401
442,99.96347807872719
443,99.94190752823172
444,100.19122646456096
445,100.04054848005332
446,99.94023777489426
447,99.94884929453985
448,99.83388729882864
449,100.01051550008462
450,99.95475537610334
451,99.95559755200937
452,99.88308719499001
453,99.96857975090812
454,100.02436419142019
455,99.8423250776114
456,99.92554748965532
457,100.03993373748938
458,99.96510712819092
459,99.9978983015998
460,99.9036924999085
461,100.03093018281947
462,99.96660589836765
463,100.08704480127903
464,100.00753946761532
465,99.94852794150333
466,99.96816871944354
467,99.93700395735439
468,99.99466620309029
469,99.99734604227856
470,99.89344903350472
471,99.97808535427492
472,100.0649095106091
473,100.002885766842
474,100.01604929116061
475,100.02395874349286
476,100.05448439730719
477,99.99930291359736
478,100.08603511948861
479,100.25404358469586
480,100.08117093621698
481,99.9264420645804
482,100.07116377091938
483,99.91622113114904
484,99.93818945112127
485,99.96968989444629
486,99.76187190448326
487,100.14660984311226
488,100.07495690790988
489,100.01590573249138
490,99.98077118650865
491,100.01976829821672
492,100.11954492332117
493,99.93875875615954
494,100.1167968456266
495,100.21285219685761
496,99.87774701354282
497,99.96921442547641
498,99.92802986334824
499,100.09738731210267
500,100.21202336040805
501,99.9364830825297
502,100.07200710963136
503,100.22171816104358
504,99.87958895843653
505,99.94106953991918
506,100.05792974606528
507,99.97671402355326
508,100.07774191027728
509,99.91560535740042
510,100.0655334476175
511,99.97803994709474
512,100.05220906320297
513,100.00582519906933
514,99.9951806975791
515,99.85956162626901
516,99.75513189706172
517,100.02344308552459
518,100.12023351876569
519,99.82469830627218
520,100.08957517645085
521,100.01670735172549
522,100.05065764112081
523,99.88456210888963
524,99.88780133665513
525,100.0759923422081
526,100.07462228187305
527,100.10532601067841
528,99.99155750022898
529,99.96518253294973
530,99.94787156999611
531,99.82484455672626
532,100.18365876130832
533,99.97218862440148
534,100.14887944957533
535,100.0028261315548
536,100.08259856672692
537,99.78011372951688
538,99.94578177291301
539,99.89055348834016
540,99.8426683590148
541,100.09409545455006
542,100.06540784262329
543,100.02612828347011
544,100.11850773300978
545,99.81560291845042
546,99.9634396017615
547,99.93636024773824
548,99.818759228273
549,99.95969778640497
550,99.94717657846108
551,100.00571052128728
552,99.89428944541922
553,99.79431600435228
554,100.06991245597054
555,100.0358100576758
556,100.13599896869862
557,99.88597249053738
558,100.05393005240032
559,99.91770374129489
560,99.98947777105077
561,99.8888927771486
562,99.90605034669366
563,99.97823231565926
564,100.03002564649373
565,100.05187437715342
566,99.98853547357842
567,100.00005378443616
568,100.07274837331015
569,100.03067557029003
570,100.01513009868987
571,99.86826103987602
572,100.05391949173197
573,99.90283347889866
574,99.86437500836422
575,99.83970656411842
576,100.01790201698061
577,100.10929861459424
578,100.12704952275642
579,100.1568739488636
580,99.9394053551128
581,99.81112814980816
582,99.94792431878909
583,100.09835937643395
584,100.07606816541478
585,99.9616962884046
586,100.10270290436159
587,99.96210960493961
588,100.08642974693026
589,99.92766662106702
590,99.9643710447643
591,100.00756110496768
592,100.11533564546616
593,99.99441989564811
594,100.00142591771113
595,100.17350202291647
596,99.94496641273597
597,100.1193900845804
598,99.96061764339224
599,99.9083897242364
600,5.993395426968587
601,5.938761575297137
602,6.040460092203859
603,5.9723138226278945
604,6.119700546897419
605,5.999620437568085
606,5.9974645054187
607,6.1815625442632784
608,6.169251134086481
609,5.756893786484652
610,6.266192747644714
611,5.955947711709506
612,5.865431497748775
613,5.987869664311929
614,6.019711983751525
615,6.040434132269047
616,5.978669848947603
617,6.0161754100893114
618,5.999362529470749
619,5.8809746778985375
620,5.990079408896759
621,5.762794258889811
622,5.956258918758057
623,6.01091117790237
624,5.993599022104766
625,5.940982174289646
626,5.942603165755912
627,6.12242704372086
628,5.974431622357652
629,5.834992987084356
630,5.956848286626672
631,6.155636699654582
632,6.011433646149843
633,5.936641815636053
634,5.975836999144501
635,5.959299079644316
636,6.070573588178153
637,6.163308674714552
638,6.023724037544903
639,5.909410098967473
640,5.968770440560918
641,5.999631339772458
642,6.010158693444106
643,5.931392077252205
644,6.105079364811619
645,6.082335439580934
646,5.976076344634811
647,5.9305504087584024
648,5.975647166260763
649,5.953878485756145
650,5.957532442986617
651,5.910561578185846
652,5.968851836370382
653,5.8321690081063124
654,5.885437205648669
655,5.9069670433807255
656,5.973618150539362
657,6.0484316304029
658,6.159793635279124
659,5.890400334351554
660,5.789690998099701
661,6.045758996150182
662,5.904384319271087
663,6.129705850119412
664,6.1124494159482925
665,6.118416936974381
666,6.104635313329739
667,6.012620021286608
668,5.854582488166068
669,6.00817325370874
670,6.045008971367199
671,5.9884595577218
672,5.973736181457941
673,5.994006065746064
674,5.8371045278368845
675,6.043248292049089
676,5.965969922357186
677,5.82430398564502
678,6.115900104825396
679,6.135614984178423
680,5.845281729450017
681,5.979192785668928
682,5.96369568047666
683,6.097770809482674
684,6.143217518550603
685,5.895019648622452
686,6.123452827028841
687,6.050904028389208
688,6.044832164930804
689,6.010503828321795
690,5.883133771275133
691,5.98520860320067
692,5.996993604146895
693,5.908778018977851
694,5.902880257026712
695,6.02959721703012
696,5.8932781181024065
697,6.011740375239036
698,5.823565898719049
699,5.980371966219236
700,5.977579312093812
701,5.973872120504173
702,6.074158867650942
703,5.8388496591768
704,6.171547206267997
705,5.965990614567984
706,5.866503856408776
707,5.9781771566438175
708,6.064607320652284
709,6.17979954963755
710,5.971992039438729
711,6.066371897282929
712,6.017469073048932
713,5.939317837850791
714,5.778304608693495
715,5.858205966911073
716,5.931436519953659
717,6.003756101301566
718,6.095752372240237
719,5.9686209116604925
720,6.104172314358579
721,6.295386119428819
722,6.0028937824323165
723,5.840237325434959
724,5.995431739377287
725,6.140760501529867
726,5.8122076321969125
727,6.217931362925968
728,5.926198187383303
729,5.9345193201041875
730,5.8753240114795675
731,6.146771913329782
732,5.937465413443966
733,6.048006264676263
734,5.977923795899403
735,6.123295371948718
736,5.980372997998395
737,6.1338687617176
738,5.9160652360278485
739,6.0065752761163775
740,5.852069552237671
741,5.9798718666969375
742,5.9803489019200295
743,6.048821540997856
744,6.145957078040356
745,5.8882727054932475
746,6.137322948188292
747,6.0003988734836815
748,6.002808509438184
749,6.101892433255825
750,6.00105996915252
751,5.881440170576126
752,6.027987888293717
753,5.951619487347651
754,5.934445922530297
755,6.091110854013002
756,5.954029880768597
757,6.0296536023553156
758,6.1754965845488154
759,6.100926303459294
760,5.9992683021940945
761,6.142790469943098
762,5.906658593563274
763,5.932609666987653
764,6.107585128162666
765,5.910924572382967
766,5.9882742480110815
767,6.01642724082418
768,6.06503969950003
769,6.0923584923846565
770,6.075387534089671
771,5.962697872998469
772,6.047820199430367
773,5.95659244067812
774,6.04638156344052
775,6.039297099078721
776,5.882217896482687
777,5.942640478979816
778,6.163080712938549
779,6.0075592708415
780,6.018100958327788
781,6.112530351344238
782,5.96646884593946
783,6.052629458249694
784,6.2022962586157835
785,6.177067508010023
786,5.88060526868401
787,5.961202448484414
788,5.936374572938534
789,5.805870824246011
790,6.111397557757764
791,6.003983421202633
792,6.119227462953434
793,5.69467481161395
794,6.109783469936309
795,5.9615004888779755
796,5.837842080333821
797,6.134574451782705
798,5.99276067086739
799,5.7460887538158145
800,7.02244861307308
801,6.941465672580192
802,7.028710173179199
803,6.921502048938601
804,7.090485700631049
805,7.19907264411503
806,7.088947068292173
807,7.034423598225818
808,6.940233477986952
809,7.1021664510486735
810,6.86720073270919
811,7.153891427124275
812,7.013399269427736
813,7.053077492914207
814,7.200962470585915
815,7.0009562982827855
816,7.093257949057541
817,7.1334136202141165
818,7.124094326278158
819,7.006342343472698
820,7.0217418205541815
821,7.112498787546629
822,7.144317585062909
823,6.984342545677804
824,7.00581021818007
825,7.020960844061121
826,6.853978026879901
827,6.822393092800461
828,7.090925661066011
829,6.871902625165359
830,7.057695315959708
831,6.988701411547772
832,7.179831563186638
833,6.938262461205038
834,6.889146987473373
835,7.077000677542238
836,7.003076196411929
837,6.821898787722142
838,7.021178046415652
839,7.030524976680178
840,7.047967061585915
841,6.944999636868416
842,7.061411791054681
843,6.932168051438974
844,7.0756782037114085
845,6.917003235023056
846,7.019099730203546
847,6.9456001628086
848,7.0302244523498185
849,6.877088249483507
850,7.039872819875536
851,7.042399735660922
852,6.983856657487417
853,6.89530998403387
854,7.0938465949084435
855,6.92868502125308
856,7.006540278838746
857,6.822232755207623
858,7.0118692165916965
859,7.031367469716775
860,6.8442224351233065
861,6.932302256460242
862,6.914381458757503
863,6.993032727349893
864,7.036755433583353
865,7.112462223250235
866,7.062491802211501
867,7.057668006909947
868,6.995187008800834
869,7.1423842293327
870,7.083060870121692
871,7.166641551292523
872,7.062336417512205
873,6.921796267552845
874,6.980626549278245
875,7.099451404828427
876,6.903296077040739
877,7.103022266267423
878,7.171044061279887
879,7.032114926699363
880,6.942166125078341
881,6.923256102465908
882,6.991530936504901
883,6.980190928282933
884,7.020030034785679
885,7.040323214825394
886,7.044826914405245
887,7.114473134409249
888,6.968422390054957
889,7.020536326131904
890,6.943188233370391
891,7.035372934851023
892,7.0293294970995515
893,6.97322539102555
894,7.026442442897172
895,6.927624646576812
896,6.9218541817164025
897,6.821692880438855
898,6.9800210779584795
899,7.097963743731232
900,7.002759188600017
901,7.0111803226489275
902,6.942558149403149
903,7.170143182134205
904,7.200785890719472
905,6.934076035485731
906,6.9614495946175525
907,7.037177396309313
908,7.243681679049077
909,6.988110716348146
910,7.008535621750115
911,7.096020279343524
912,7.012944131975894
913,7.091972222309401
914,6.948895914328719
915,6.841075499536933
916,6.999543178434328
917,6.962735537082547
918,7.009203727502214
919,7.192631466957344
920,6.993529018163526
921,7.114275495713422
922,6.976594234466378
923,7.132043004148541
924,7.1265559820402995
925,7.004576928860572
926,6.956736891969127
927,7.131843815946269
928,7.1543789346798
929,6.9672722799590545
930,6.991341558546852
931,6.939061740049165
932,6.826704394981887
933,7.098056856639779
934,7.001297038318515
935,6.920940731635511
936,7.056556993856056
937,6.92637900811183
938,6.946608564783677
939,6.861983892542484
940,7.115163593617972
941,6.932050298712524
942,7.057412479421856
943,6.9878854950816205
944,7.187262677486136
945,7.16205397046473
946,6.870866849112748
947,6.9500888775508045
948,6.943615223953456
949,6.9428533106067025
950,6.959993865191342
951,7.000411816677458
952,6.862179627454731
953,7.142077022518789
954,7.181226095925142
955,7.10030503661021
956,7.110545190236922
957,6.950339164199774
958,7.055987729175422
959,6.982124227713946
960,7.031321557715281
961,7.057410366634648
962,7.121517971269739
963,6.826049080650164
964,7.127138945926339
965,7.129874819040423
966,6.892838953170377
967,6.99749124824405
968,6.981122452770504
969,7.010688054420663
970,7.048869611441666
971,7.192046583284086
972,7.0097679594555276
973,6.953907408492341
974,6.898152207579113
975,7.093893418789329
976,6.984856018979215
977,6.917572329702066
978,6.965036017367758
979,6.946926136641651
980,7.227447015295255
981,7.132517683853246
982,6.830863219278363
983,6.913367781390981
984,7.0702500722656545
985,7.131624942576478
986,7.063723529509611
987,6.9988355782951635
988,7.014785065148079
989,6.747432207560656
990,7.02767081180033
991,6.924790198050296
992,7.006934327675694
993,7.1159437461687585
994,6.941113956709358
995,7.2291462021067625
996,6.892399365305463
997,7.042776321899031
998,6.968677370297865
999,6.998778588851695
1000,19.85236284647014
1001,19.91124966331869
1002,20.0087346671253
1003,20.06611802495356
1004,20.127866633616975
1005,20.086996179342023
1006,20.05745116279064
1007,20.013017658870684
1008,19.821707206079406
1009,20.030547887247643
1010,20.110844649853927
1011,20.02823548205238
1012,19.863512450670655
1013,20.014590231477246
1014,20.110402856073502
1015,20.015736188549415
1016,20.055069147640435
1017,19.976991886859274
1018,19.912953217894227
1019,19.878942935119994
1020,19.886012014889367
1021,20.197997189552567
1022,19.931924577389125
1023,20.0340294755506
1024,19.86104291151322
1025,20.016685095516475
1026,20.03136144480643
1027,19.954199814750567
1028,19.94932352349292
1029,19.994149710681356
1030,20.100124027940804
1031,20.0149025864886
1032,19.92321477946864
1033,19.933142060609715
1034,19.94012785489758
1035,20.066828280093148
1036,20.026276789182536
1037,20.092873385292148
1038,19.995940153329776
1039,19.980527989706662
1040,20.25353801775157
1041,20.111035600165557
1042,19.999140940838373
1043,20.074234463357357
1044,19.988204732247993
1045,20.045767839640984
1046,19.94142167030844
1047,19.96916733089268
1048,19.842045429906726
1049,20.01867129793913
1050,20.092920815758653
1051,19.973644886667454
1052,20.098466822509717
1053,20.105460410576512
1054,20.011219330790574
1055,19.915267556452676
1056,20.04255849294245
1057,20.075295337218478
1058,20.142833037196393
1059,19.92208677187966
1060,20.163171387108495
1061,20.13269669599213
1062,20.053677588341706
1063,19.84738645128304
1064,20.129308780319175
1065,20.094456177711898
1066,19.98964470226916
1067,20.129630400524086
1068,20.010362980473364
1069,19.968446703844247
1070,19.886743397100677
1071,19.957298422270043
1072,20.01356148748425
1073,20.080713830668238
1074,20.151091528226484
1075,20.009359312378642
1076,20.024806795534094
1077,19.9558526049505
1078,19.814675505932325
1079,19.945554842216445
1080,20.160050662629498
1081,20.009294038924224
1082,20.012312114571895
1083,19.90842543524585
1084,19.970624349997287
1085,20.041724855526624
1086,20.014015067487865
1087,20.112242489074166
1088,20.14104785963091
1089,19.984272090480342
1090,19.990262545373234
1091,20.09079610524536
1092,20.185715293704767
1093,19.947910540473238
1094,20.16518613855875
1095,19.860842194170946
1096,19.9829342548819
1097,20.0097407758816
1098,20.055093363977406
1099,20.01725166165801
1100,20.070112904765118
1101,19.992135349200424
1102,19.993109783772468
1103,20.168795558038937
1104,19.896440199005518
1105,20.11756913399733
1106,20.16366087872145
1107,19.989590763255478
1108,19.92810446036116
1109,20.098520914762517
1110,20.126057839253246
1111,19.977514466244468
1112,19.978394709360856
1113,20.096120243552644
1114,20.12181047613201
1115,19.973126257449458
1116,20.090466835869574
1117,20.056290814420777
1118,20.052791308064513
1119,20.015794778233516
1120,20.04013632689475
1121,20.038086494997156
1122,19.845750283971043
1123,20.044312942578177
1124,20.03121270270346
1125,20.140940591632067
1126,20.098351523949617
1127,19.958562084870266
1128,19.893851886747484
1129,19.839334307737147
1130,20.03431326493807
1131,20.03022401593219
1132,19.986617614100826
1133,19.995206309074103
1134,20.051638304980614
1135,20.037283259499386
1136,19.962708367767693
1137,19.918229083638014
1138,19.958749515901047
1139,19.948432896915687
1140,19.833440073553625
1141,20.09939623573702
1142,20.004225761509385
1143,20.00046183444095
1144,20.02193348347096
1145,19.993686633118553
1146,20.01558325617671
1147,20.00793310684442
1148,19.94254916971602
1149,19.79081808196166
1150,19.927127939192832
1151,19.85829150809898
1152,20.042287009780377
1153,20.144781557874037
1154,20.055819346596024
1155,19.82661663661422
1156,20.04687282571223
1157,20.068039966772364
1158,19.872463862663185
1159,19.818460913068332
1160,19.994539979660974
1161,19.959718481895504
1162,20.036446829103788
1163,20.11558657923182
1164,20.05347176273568
1165,19.770156378120046
1166,19.78888680670176
1167,20.047672269620765
1168,19.994731328937732
1169,20.139236829484915
1170,19.78696604107545
1171,19.956943030987233
1172,19.954790406983413
1173,20.10701322663491
1174,19.921709391074195
1175,20.056807118870662
1176,20.014922253300664
1177,20.057519048775664
1178,20.12014352904112
1179,20.11887187126789
1180,20.021287934805226
1181,19.94712339995004
1182,19.923731616039397
1183,19.881447351645505
1184,19.96739582131485
1185,19.962038472994834
1186,20.049003340456903
1187,19.887207279489026
1188,20.027811415159945
1189,19.953366914453117
1190,19.837943464870644
1191,19.941779700999113
1192,20.065020030435928
1193,20.047079092946145
1194,19.74703842623129
1195,19.98771703589506
1196,20.006876754443585
1197,20.008581889422477
1198,19.880917305814194
1199,20.065247580556044
1200,29.873858057918103
1201,30.05166697452386
1202,29.950309727894624
1203,29.992760914335307
1204,29.839668634328866
1205,29.884589296811672
1206,30.075857154593894
1207,30.023490495103662
1208,29.908805942135814
1209,30.13030670334274
1210,29.870481734296227
1211,29.96359511020044
1212,29.970888947095062
1213,29.912797979276352
1214,29.99180966987817
1215,30.059070082683952
1216,29.920687998681462
1217,30.071878154160274
1218,30.1439790341966
1219,29.916427272941018
1220,30.216722894948077
1221,29.997661552641386
1222,30.044052336031708
1223,29.97868668265172
1224,29.915828892995968
1225,30.040943486565755
1226,29.857962367167797
1227,29.944636577310984
1228,29.928457088951568
1229,30.061146950423613
1230,29.928936151162
1231,29.986023612350532
1232,29.985893892936232
1233,30.114605806307534
1234,29.931085844267045
1235,30.04822086758919
1236,29.875266570457725
1237,29.9946831842344
1238,29.788470670028918
1239,29.978333755714765
1240,30.00558039492596
1241,29.991422444301147
1242,30.055622110213314
1243,30.00331487273549
1244,30.00107912523933
1245,29.847017515694034
1246,29.99389275852069
1247,30.11878558587543
1248,29.95245232080878
1249,29.90721339964311
1250,30.002485643667622
1251,29.937820485921854
1252,30.02271681144293
1253,29.763653896653153
1254,29.952240150583922
1255,30.17680583298439
1256,30.152321857423644
1257,29.940418341964875
1258,30.059981900786664
1259,30.101271833564326
1260,29.93356946509023
1261,30.260759307593215
1262,30.047093702899964
1263,30.21680952548618
1264,30.00745785802673
1265,29.809068511756625
1266,29.988911624258375
1267,29.846439102352726
1268,30.14899539747255
1269,29.89693760281826
1270,29.88823312480304
1271,29.994780265152112
1272,29.95984535635184
1273,29.99806606081611
1274,30.024137593098573
1275,30.041090454362287
1276,29.95882130722107
1277,30.171517291648033
1278,30.18338331980429
1279,29.876762023897765
1280,29.957623978704152
1281,29.897116611047103
1282,30.039903551213055
1283,29.982285162043027
1284,29.858529595431566
1285,29.965053300507236
1286,29.952843302457353
1287,30.009441926758672
1288,29.910520873757957
1289,29.75371187667728
1290,29.928758150273683
1291,29.88673856591384
1292,30.01357946919911
1293,29.982002171504487
1294,29.992967452678666
1295,29.7649332935046
1296,30.100229301691446
1297,29.80987464552143
1298,29.991686777537826
1299,29.909080988848597
1300,29.983729826883504
1301,30.007228099853865
1302,30.0411319765209
1303,29.881259310459296
1304,29.850090366287002
1305,29.84588383344534
1306,29.9206344988806
1307,29.92908325687835
1308,30.06095718890607
1309,30.163588444789745
1310,29.920055981274295
1311,29.92953240226944
1312,30.139401224421107
1313,29.955966086591765
1314,29.93952757796095
1315,30.094614356135242
1316,30.054269600836594
1317,30.08411663959058
1318,30.029124711568475
1319,30.10864646754853
1320,29.951102251191056
1321,29.916784635107355
1322,29.97352820770161
1323,30.005659137827315
1324,29.861671281398188
1325,30.0193316670752
1326,29.823967461074336
1327,29.952437179357428
1328,30.095378972808337
1329,30.113556422946207
1330,29.947852476031954
1331,29.972643220167065
1332,29.937432487222825
1333,29.834042010331206
1334,29.932228843483294
1335,29.964806167064516
1336,29.9010335129443
1337,30.208203645804293
1338,29.95877819205873
1339,30.125942436692696
1340,30.01135101155361
1341,29.857512792587787
1342,29.973245165217488
1343,29.952385353195375
1344,29.92883178344804
1345,30.083344625660203
1346,29.988218534328208
1347,29.956617748191633
1348,29.909334341754334
1349,29.87733228961899
1350,30.107443417804355
1351,29.98743928042838
1352,30.188650086157228
1353,29.81611406241109
1354,30.032820719615227
1355,29.986847868294777
1356,29.913431156542142
1357,30.124934849198503
1358,30.0689180219713
1359,29.949102731986223
1360,30.024870668193703
1361,30.016525194027622
1362,30.028326319111084
1363,29.871950642798197
1364,29.995091133955704
1365,30.052443942522515
1366,29.98360407330461
1367,29.962971355552057
1368,30.03513981234028
1369,29.833373430131026
1370,30.053770466490338
1371,30.010223797226505
1372,30.008172056279065
1373,29.974810365685222
1374,29.879878350469777
1375,30.096325444465045
1376,29.812003714325172
1377,30.03950745279183
1378,30.124295784525195
1379,29.94642277893176
1380,29.90117701675715
1381,30.028748430053106
1382,30.36395911970545
1383,29.932254166071058
1384,30.042830022457537
1385,30.051215542991383
1386,29.958588034015012
1387,30.00104263319757
1388,29.94902346448666
1389,30.069927052949666
1390,30.01067694442811
1391,30.10179202812826
1392,29.98972620310084
1393,29.995060941866463
1394,30.05180206618039
1395,29.92187348566098
1396,30.069302055871038
1397,29.90774896991081
1398,30.11706831460368
1399,29.95087437043392
1400,40.074848792318704
1401,39.840555717887824
1402,39.89148008751224
1403,40.09037138121288
1404,40.10209268152281
1405,39.96649580944153
1406,39.99744185354576
1407,39.87083955359803
1408,39.98761395772608
1409,40.0209336321329
1410,39.90174360871992
1411,40.115313681797616
1412,39.99964345338911
1413,40.125692594054726
1414,39.86962288519203
1415,40.064603284195066
1416,39.85856943040075
1417,40.09367220012196
1418,39.88696145247024
1419,40.07622998227855
1420,39.9902496791581
1421,40.08170763317953
1422,39.93712909801346
1423,40.07376421674651
1424,39.89672451950879
1425,39.95043845669634
1426,39.969506782053045
1427,39.87777712099188
1428,40.08781398063005
1429,40.057690870059936
1430,40.070953278111254
1431,39.93309354984069
1432,40.04823235186059
1433,40.09516649342253
1434,40.03181058637071
1435,40.00445462963077
1436,39.97698828373178
1437,40.077376870995366
1438,39.958673523747244
1439,39.82693657303616
1440,40.0624842713113
1441,39.885939017080155
1442,40.04336638979774
1443,40.11406692831384
1444,40.05432580880022
1445,40.08974329503037
1446,39.912098118228414
1447,40.045696038701436
1448,39.97373064900434
1449,39.902124191844955
1450,40.063252531784556
1451,39.94639949049314
1452,39.978327838125914
1453,40.03120659223818
1454,40.06547801101041
1455,40.01431289220266
1456,39.998294861830075
1457,39.904384418717015
1458,39.85244754301043
1459,39.980181554917905
1460,39.892719230000516
1461,40.00375895533679
1462,39.971778416316646
1463,40.08282195968473
1464,39.77841239792192
1465,39.95764714358601
1466,39.850650415783505
1467,40.01349652200171
1468,40.0165739741436
1469,40.09110425466446
1470,40.04066594847059
1471,40.071152740211836
1472,40.1062955766078
1473,40.14901021123863
1474,40.01996851713018
1475,39.751601523716815
1476,39.947391083602895
1477,40.04206027228043
1478,39.90586202290384
1479,39.97184123791552
1480,39.92587190921725
1481,39.91285791908923
1482,40.01551376097522
1483,40.095355350948736
1484,40.015399161431745
1485,40.0421879869093
1486,40.15688672355002
1487,40.0381817988275
1488,39.88356029595778
1489,40.05128191233018
1490,39.978330906986805
1491,40.01922826899384
1492,39.778539357904044
1493,40.154718928766556
1494,40.01767424739995
1495,40.03416731895352
1496,39.94525944201464
1497,40.03894775495012
1498,40.03516940315573
1499,40.0290727624815
1500,40.10111694078582
1501,39.926623387904975
1502,39.99868914716259
1503,39.76812376471238
1504,39.83871651093903
1505,40.151463303320845
1506,40.020311852657585
1507,39.736479670286904
1508,39.88354106216377
1509,40.04255958450814
1510,40.015529995572074
1511,39.76250827273572
1512,40.20235379513194
1513,39.91673437600107
1514,39.84649697824666
1515,40.116643005612026
1516,40.07821884510488
1517,39.982662697607545
1518,39.97043147459423
1519,40.04330340326287
1520,40.02673230303453
1521,39.858880979114495
1522,40.002802107689384
1523,39.862492905046274
1524,40.10483084212154
1525,40.106108278915535
1526,40.10225370409277
1527,40.143576489224486
1528,40.05786751136101
1529,39.912193817666356
1530,39.8026054506203
1531,40.05018490963424
1532,40.03798751669695
1533,39.95863265323709
1534,40.001663437832406
1535,40.00971431855686
1536,39.95380851270081
1537,40.178356375400476
1538,40.00984626117494
1539,40.09895371204292
1540,40.20600184994807
1541,39.98894608704534
1542,40.10790848646167
1543,39.96286968424671
1544,40.04883651232087
1545,39.908812906891185
1546,40.1320136324448
1547,40.060981827921616
1548,39.9902688255904
1549,40.08942948331737
1550,40.120814881816194
1551,39.94956247646629
1552,40.08563076147437
1553,40.006007993122005
1554,40.01839227570305
1555,39.84245048783541
1556,39.833288950842444
1557,39.99524567187883
1558,40.03275697111148
1559,40.098240622996315
1560,40.034094864671324
1561,40.01137245509506
1562,40.03408635001882
1563,39.91432411610789
1564,40.03815519982065
1565,40.192569839991656
1566,40.06147218161496
1567,39.91754227155976
1568,40.04298221161735
1569,39.962683527075455
1570,40.136534364730316
1571,40.148889178498685
1572,39.95802438312949
1573,40.116100680604525
1574,39.98866431963183
1575,40.07375577537404
1576,39.876268536266295
1577,39.95071256951068
1578,40.007711491465926
1579,39.916065173908024
1580,40.12274338716217
1581,39.90616408668193
1582,39.893523620136975
1583,40.1478003130243
1584,39.97541486556074
1585,39.99647228300423
1586,40.047228442957135
1587,40.09040643930349
1588,39.92342101760996
1589,40.1974857966905
1590,39.95702577083677
1591,39.90756480283004
1592,40.02901920357929
1593,40.04632162797037
1594,40.047901053981214
1595,40.077526127733115
1596,40.00662412429714
1597,39.84797303578902
1598,39.983412572257926
1599,40.018476793683355
1600,50.12021923797799
1601,49.92636818699027
1602,49.933786618886316
1603,49.99633819873884
1604,50.16535799700011
1605,50.22505556108197
1606,50.022944613582894
1607,50.22364602948332
1608,49.85443292007002
1609,49.90655048586399
1610,50.001553417104766
1611,49.99017050594208
1612,50.0269660730131
1613,50.107115225308796
1614,50.06304721510382
1615,49.97328903962999
1616,50.05559667696314
1617,49.90157695590013
1618,50.1370117302516
1619,49.97326679747586
1620,50.02512231688324
1621,50.157192564504555
1622,49.913651931675574
1623,50.00513676843238
1624,50.00791920803476
1625,50.00794203728687
1626,49.971656088041485
1627,50.069987259481586
1628,49.96720266151024
1629,49.84910080662896
1630,49.987576896639474
1631,50.05320447761882
1632,50.0589039108923
1633,50.009073506299316
1634,50.0122478321786
1635,49.91099078665484
1636,49.819772711629874
1637,49.909599063525484
1638,49.873307736160726
1639,50.101251349275245
1640,50.0451998029163
1641,49.8832825110454
1642,49.92504708637453
1643,50.08029278955161
1644,49.94115832758558
1645,50.057099010862586
1646,50.086743005328195
1647,50.13397585516454
1648,50.060626222383924
1649,50.159699329848316
1650,50.09121868167099
1651,50.19941450750914
1652,49.92642004281383
1653,49.85558488032263
1654,49.940500765587295
1655,50.048912113231836
1656,50.131205509127184
1657,50.03270118516759
1658,49.914871253811015
1659,50.003957350108124
1660,50.13927901361222
1661,50.167159653428335
1662,50.0303704685957
1663,50.089542162147026
1664,49.978006101287605
1665,50.04276967493229
1666,50.021705301263054
1667,50.04106139054245
1668,50.09458817573859
1669,50.01832989632295
1670,50.077463344714616
1671,50.07880429256484
1672,49.88026672163851
1673,50.117249646934376
1674,49.94146401402638
1675,50.08998201431857
1676,49.88534879435166
1677,49.99675797952984
1678,50.03340467210705
1679,49.93559684146825
1680,50.03662881762367
1681,50.105061246728276
1682,50.02629361777662
1683,49.873690710998396
1684,50.106968439711274
1685,49.94800112557923
1686,49.87467429597598
1687,49.91183156556965
1688,49.99312399212742
1689,50.1485603167213
1690,49.953909881465144
1691,49.94649579888887
1692,49.96622826738368
1693,50.009218102872175
1694,49.9583771588213
1695,49.73040376515985
1696,49.9887929701555
1697,49.98770853328018
1698,49.95026300005587
1699,49.91171335817176
1700,50.1293388101806
1701,49.98082925839283
1702,50.1812183074429
1703,50.03465095408217
1704,50.056243727916176
1705,50.03393912057544
1706,49.879514557373305
1707,49.82962966378731
1708,49.899905457375304
1709,49.995021652419574
1710,49.89695283792314
1711,49.99696969807179
1712,49.93568510091189
1713,49.950043337871314
1714,50.163026372212244
1715,49.99979976046197
1716,49.95895139481934
1717,50.11526993347342
1718,49.68556291473117
1719,49.968238702572286
1720,49.79027256933727
1721,50.0335297084701
1722,50.00147002202574
1723,50.12009818747671
1724,50.0737756231537
1725,50.030133368352836
1726,49.93382572292346
1727,50.01967366703133
1728,49.86228964360206
1729,49.95877178904496
1730,50.01985220987924
1731,49.94397206097721
1732,50.0609997343519
1733,49.978481498316086
1734,50.09307758215905
1735,49.85293591614756
1736,50.04351768558349
1737,49.91547748325982
1738,49.95916281508175
1739,49.965914338435304
1740,50.040831713377735
1741,49.97288350411857
1742,50.18152558343354
1743,49.970224322137355
1744,50.08637035822691
1745,49.95464687140891
1746,50.13678461742762
1747,50.108546641429676
1748,50.03992106547294
1749,49.96986447110902
1750,50.114245601932254
1751,50.06691350176352
1752,50.07995642278352
1753,50.07880249160078
1754,49.89899575785446
1755,50.13498802104825
1756,50.11027311802895
1757,49.98072211836736
1758,49.92103463787804
1759,50.06565151021611
1760,50.002080575223175
1761,50.07424892321214
1762,50.054686601390635
1763,49.943988488250525
1764,49.9983880187596
1765,50.05017497828564
1766,50.048028098329254
1767,49.94352819963564
1768,50.147724348913435
1769,49.984212487367316
1770,49.91801933600104
1771,50.022829223940846
1772,50.067879518050574
1773,50.1484497412891
1774,49.68382764167518
1775,49.96182159755592
1776,50.06553769820891
1777,50.030954957550854
1778,50.11415740555538
1779,49.95197954538382
1780,50.14833154813534
1781,49.98019766457869
1782,50.05450890606784
1783,50.09374034048809
1784,50.00652695820535
1785,49.9967968721734
1786,49.92672624433986
1787,49.9613929217028
1788,49.851549114302195
1789,49.95831544661149
1790,49.995374561963224
1791,49.89623752011513
1792,50.066010252081256
1793,49.987645040086555
1794,49.98017304236579
1795,49.869814623148976
1796,49.902989827214746
1797,49.912493542055884
1798,50.05670729260596
1799,50.15193910295794
1800,59.930842278576094
1801,59.96220674671798
1802,60.084964020317706
1803,59.98153038705755
1804,60.02056901790631
1805,60.08112646943596
1806,60.008927588221425
1807,59.93661054136671
1808,60.00044419689551
1809,59.937196181224614
1810,60.047689016241
1811,60.03962395576946
1812,59.98185974534179
1813,59.9813437927676
1814,59.76369551249523
1815,59.98341267309862
1816,60.042602869902346
1817,60.1206066497996
1818,60.06045655201181
1819,60.04796214214149
1820,60.05172643965064
1821,60.136465982021605
1822,59.735965836537716
1823,59.9481839159213
1824,59.79294295245556
1825,60.05909478683301
1826,60.056377552322196
1827,59.97071584368172
1828,60.06544094018764
1829,60.02452797413035
1830,59.94823794976073
1831,60.0566456726187
1832,59.840177858323955
1833,59.945864890257006
1834,60.19687616885553
1835,60.13208316764243
1836,60.02323611801487
1837,60.04004026488367
1838,59.87407693000531
1839,59.99875385700348
1840,60.18084736848996
1841,59.85075616378526
1842,59.90205933317879
1843,59.924904902245046
1844,60.00225374737248
1845,60.02523926539114
1846,59.97264665657635
1847,60.12442737584395
1848,60.037941649640004
1849,59.931057557821866
1850,59.78354817115496
1851,60.05590088532049
1852,59.891342079087515
1853,59.94990896935355
1854,59.87353956154713
1855,60.06265260799155
1856,59.96296994841112
1857,60.12692866856554
1858,59.91271026122434
1859,60.10080514200658
1860,60.096544307605605
1861,60.05549810202058
1862,59.93380500811251
1863,59.92626618306853
1864,60.069222965943084
1865,60.05855765853929
1866,60.091305537882164
1867,59.81756931902502
1868,60.016819697484195
1869,60.057475301366615
1870,60.14223499267366
1871,60.15464660047803
1872,60.01663150740187
1873,59.90549012686977
1874,59.976884137008035
1875,59.89066043759874
1876,60.109538895763635
1877,60.0514647744802
1878,60.15603775632511
1879,59.97939566480681
1880,60.037037854599866
1881,59.99879274858609
1882,59.8458838893739
1883,59.852992823719674
1884,60.136126233506545
1885,60.02896246587373
1886,59.99055321727391
1887,60.017738675474156
1888,60.080420458256754
1889,60.1975908960612
1890,59.982025819829175
1891,60.06380478246656
1892,60.01535736116044
1893,59.87960244791058
1894,60.00010238782193
1895,60.13729281133628
1896,59.97026473813764
1897,60.06912151160725
1898,59.71644163810151
1899,59.990170602789696
1900,59.85317532472496
1901,60.0738999197799
1902,59.922678989632374
1903,60.09222588413983
1904,59.99299766193882
1905,60.143288049567346
1906,59.92445820536302
1907,60.106083454952696
1908,60.02693680187964
1909,59.950584882646886
1910,60.172925829425466
1911,59.92915551412341
1912,60.03553688236568
1913,60.15989768546396
1914,60.07916014190338
1915,59.89653456386231
1916,59.95210170520805
1917,59.976985281128144
1918,59.85678896085041
1919,60.10695419576624
1920,59.92699345578477
1921,59.99271032472564
1922,59.77213579714923
1923,59.87207429422449
1924,59.86842374741791
1925,59.98285355897383
1926,59.98635750373583
1927,60.06587371958593
1928,60.00414648767253
1929,60.001325422727135
1930,60.04086189271906
1931,60.18994827641177
1932,60.085319812002936
1933,60.03141949835304
1934,59.96204799590262
1935,60.05398668279163
1936,59.91977508457385
1937,60.01357388195254
1938,60.068520310903736
1939,60.01943072826878
1940,60.1290080699979
1941,60.18672218243206
1942,59.95437981456152
1943,60.00274228305134
1944,59.997722528709
1945,60.176664093054896
1946,60.02172755685886
1947,59.944224131846575
1948,59.86875144125146
1949,59.99892554988711
1950,60.10789119201325
1951,59.96754569436881
1952,59.93128748867495
1953,60.07437186391621
1954,59.8174180796965
1955,60.055042877069944
1956,60.07453068201597
1957,59.926400245500645
1958,59.97963291507578
1959,59.874553284742184
1960,59.96869435942999
1961,59.938297217117245
1962,59.9841105848477
1963,59.983923933003766
1964,60.011896970595096
1965,60.00200359304612
1966,59.82581856542738
1967,59.8523923672338
1968,60.07172466936811
1969,59.866891143453934
1970,60.0456310209411
1971,59.90236242804557
1972,60.057891347520034
1973,59.82950886161817
1974,59.930305763970466
1975,60.162857141829925
1976,60.00339665203841
1977,60.16018489524162
1978,59.91782176249302
1979,59.94362788238637
1980,59.98583762730409
1981,59.983230482052186
1982,60.09092390924713
1983,60.10488980567778
1984,59.9378273971515
1985,60.2010245130466
1986,60.17748280012411
1987,60.16999434962206
1988,59.85097890060546
1989,59.852078657154465
1990,59.98859435092133
1991,59.965810004342224
1992,59.91913072252879
1993,60.064462630622025
1994,59.95249479047366
1995,59.907633890854555
1996,59.92324013991695
1997,60.0146152832729
1998,60.01134852295065
1999,59.95532346470265
2000,70.02399533767856
2001,70.00256893945054
2002,70.12476779748326
2003,70.28206407602913
2004,69.82377733773822
2005,70.16975076209594
2006,69.96970702699781
2007,70.03710887472504
2008,70.03192530405926
2009,69.88869797352687
2010,70.10376342119714
2011,70.05574576119521
2012,69.88085576392176
2013,69.97776582956975
2014,70.07230802634176
2015,70.0346240244572
2016,69.97904972813357
2017,69.94561550743084
2018,70.02200438846558
2019,70.02599868902713
2020,69.99967817313001
2021,70.06989680634902
2022,69.9936190823658
2023,70.07557463188226
2024,70.01733722462413
2025,69.92236892681663
2026,69.96148863361664
2027,69.88634286916837
2028,69.9847426370278
2029,69.87871359190436
2030,70.04237249542943
2031,69.97702211882171
2032,69.91954767346253
2033,69.73331873882331
2034,69.83931839648781
2035,70.06897831705899
2036,70.23026182508671
2037,69.87002072028527
2038,70.08220533054462
2039,69.91748386401137
2040,69.9994264775247
2041,69.9775782879583
2042,69.8669437745045
2043,69.91256262652546
2044,69.93029884224667
2045,69.83703309394645
2046,69.92964062457516
2047,70.06072638934259
2048,69.99806276388456
2049,70.08817266317448
2050,70.13997554318608
2051,69.9785923467172
2052,69.9083057782687
2053,70.13825404062025
2054,69.84138672685793
2055,70.04661974745959
2056,69.9046453185923
2057,70.00429533189859
2058,69.81235465567848
2059,70.06790285242596
2060,70.03815731477334
2061,69.91667666234993
2062,69.95212055897241
2063,69.94750848609374
2064,69.9941109327262
2065,69.76600850317315
2066,70.0724913849917
2067,69.91375537902466
2068,69.95010770557889
2069,70.03953461104432
2070,69.94596543756604
2071,70.00208274611937
2072,69.92476608362531
2073,69.9017403883747
2074,70.03749740157895
2075,70.004988995585
2076,69.92332607978088
2077,69.8636333505923
2078,69.84133301746175
2079,70.15468391111324
2080,70.05956982405425
2081,70.00361719566425
2082,69.75139194577872
2083,70.00667754876336
2084,70.08582045658497
2085,70.14562894980526
2086,70.06854755100744
2087,70.01081604152733
2088,69.96783206677691
2089,70.14471824657792
2090,69.8454463191376
2091,70.01395803546322
2092,69.87274129847353
2093,70.01931224419307
2094,70.13637814987882
2095,69.88241355259974
2096,69.9941764020286
2097,70.0879437547708
2098,69.87206129490279
2099,70.18693863005528
2100,70.09074396216863
2101,70.00620676438939
2102,69.92557838074997
2103,70.06716333557772
2104,70.10359956509079
2105,69.90626549532479
2106,69.89096774971792
2107,69.98507709451415
2108,69.92105601580734
2109,69.93084597554885
2110,70.03526220459032
2111,69.98415676939587
2112,70.02012752042761
2113,69.99953414883349
2114,69.91961752779794
2115,70.08004363795811
2116,69.97380302299385
2117,70.21177132047767
2118,69.94595251609442
2119,69.86612751273705
2120,69.96251141767699
2121,69.94142584642452
2122,70.16843630249066
2123,70.08553960453357
2124,69.95952469494685
2125,69.96053454723562
2126,70.14788630417033
2127,70.08170932332881
2128,70.12859066254292
2129,69.88249095275634
2130,69.90403591385306
2131,69.97342406376873
2132,70.02692088032819
2133,69.95529322491764
2134,70.06734096449077
2135,69.97217829507058
2136,70.07299332165684
2137,70.057834965267
2138,69.9790969388205
2139,70.0272216836392
2140,70.0234993028387
2141,70.00183980915648
2142,70.02530404843436
2143,69.90029369407557
2144,70.05116040733988
2145,70.1149240134403
2146,70.05267993568056
2147,70.20534659669718
2148,69.79893948765348
2149,69.9871644000863
2150,70.0160189842286
2151,70.19459384591748
2152,69.87590397214063
2153,69.97002510874177
2154,70.10119017233573
2155,70.05233287812095
2156,70.21743118649893
2157,69.76253237844539
2158,70.03706134325766
2159,70.1825191633823
2160,69.98677623393328
2161,70.07842366451325
2162,69.9826763509303
2163,70.0638998109788
2164,69.91149747160094
2165,70.11177628804785
2166,70.09813239856551
2167,69.9951813290978
2168,69.904418220996
2169,69.89552296379144
2170,69.97008767518524
2171,69.91085292734208
2172,69.86677608552614
2173,69.92131496786159
2174,69.90884240537079
2175,70.0368977245228
2176,69.9914082394668
2177,70.07727899358834
2178,70.07214951327502
2179,70.05745651269594
2180,70.01589441254953
2181,70.02487535632204
2182,70.06273213564909
2183,70.10746340745713
2184,70.0417828973698
2185,70.01130064488727
2186,70.02310299273427
2187,69.95336457713196
2188,69.95295107793406
2189,69.96098978559978
2190,70.1142797633269
2191,70.24285385170123
2192,69.92055364487568
2193,69.80470002409986
2194,70.177667687271
2195,69.91039781462707
2196,69.91067166834668
2197,69.95484984327788
2198,70.10503728022182
2199,69.94257743699191
2200,79.92229449587826
2201,79.95373764878951
2202,80.044189558618
2203,79.92994264078423
2204,80.02009022360316
2205,80.06362469427222
2206,80.0190182651436
2207,80.10305781510736
2208,80.05418132553618
2209,80.00237196380168
2210,80.29823305922727
2211,79.91432161119258
2212,79.95692638273508
2213,80.09045812864812
2214,80.08662732278195
2215,79.95015946489947
2216,79.93693984669157
2217,80.08451294586278
2218,80.13251292573983
2219,79.83743974274134
2220,79.97525472858723
2221,79.95538382759354
2222,80.01224181956276
2223,80.09086742271015
2224,80.0761766113012
2225,79.83772334931196
2226,79.96471199089578
2227,79.99345878833952
2228,80.1865469482164
2229,79.91253488837962
2230,80.02989518523418
2231,80.01753807233945
2232,79.96632202977273
2233,79.9152666182137
2234,79.92532117296852
2235,80.03356387085195
2236,79.98072292604792
2237,79.9074520248957
2238,80.03098318349265
2239,80.03268413231312
2240,79.87793968178057
2241,80.02533517578462
2242,79.99522478241687
2243,80.10912937084177
2244,80.06765804158408
2245,79.97589332705122
2246,79.99970924000935
2247,80.01136426177634
2248,79.83584067905471
2249,79.96125436648228
2250,80.02636124607335
2251,80.04560994114335
2252,80.0444719822505
2253,79.93940712025103
2254,80.0414509766416
2255,80.06677383884931
2256,80.12190866891471
2257,80.05808166307672
2258,80.11376169935907
2259,79.99536814194425
2260,79.91907600884511
2261,79.95563951641495
2262,79.93645600491804
2263,80.02320879386885
2264,80.0636095351401
2265,79.85258672436592
2266,79.98191279420331
2267,79.78570871220889
2268,80.0632912754635
2269,79.86161342913857
2270,79.90180752748392
2271,80.16593314681975
2272,79.79705314358694
2273,80.00132299635011
2274,79.85865468060337
2275,80.07835352969988
2276,79.73760223743693
2277,79.91576076004216
2278,79.99523813030994
2279,80.1051761820025
2280,79.96744474573075
2281,79.8199785638888
2282,80.1717745075998
2283,80.10233293809469
2284,80.0248574689255
2285,79.91267353497653
2286,80.01030268253245
2287,79.95872341558206
2288,80.04121953767863
2289,79.96267553532914
2290,80.08683812375403
2291,79.94697757223041
2292,80.08392576777138
2293,79.87325757359967
2294,80.03581133619716
2295,79.9885162876358
2296,79.93712752330069
2297,80.06610335525535
2298,80.08629148843958
2299,80.13166488091191
2300,79.96641819801073
2301,80.12350356420721
2302,79.89260514294922
2303,79.96043653371262
2304,80.06633520216073
2305,80.05877445089467
2306,79.99120440831936
2307,79.78034610879054
2308,80.02158284384282
2309,79.86224026866822
2310,79.90225915467907
2311,79.9870032812427
2312,79.96783639105021
2313,80.08596399880393
2314,80.18684985190653
2315,80.07743759269319
2316,79.9275200851312
2317,80.19975043919007
2318,80.06323847636922
2319,80.16530589368227
2320,80.12596422712981
2321,79.99596771914946
2322,79.87502149212365
2323,79.981719746453
2324,79.86314958036007
2325,80.05854728264536
2326,80.18289922923164
2327,80.00628569268133
2328,79.9439188499931
2329,79.88976355341119
2330,80.02578826060787
2331,79.9670915073477
2332,79.75257147576706
2333,79.92903855249989
2334,80.22679962591381
2335,80.08991495536623
2336,80.08215566566143
2337,79.95024080693882
2338,80.13578913976738
2339,79.99559876690127
2340,80.14518171696278
2341,80.01588652396934
2342,79.96282349451319
2343,80.08175176700514
2344,79.95725346857836
2345,80.0062138907334
2346,79.847174015343
2347,80.0388560559977
2348,79.9217789834242
2349,79.86374976917955
2350,79.95706201196062
2351,79.934457249316
2352,80.06015855358648
2353,79.96502113422657
2354,80.04219079939058
2355,80.11947916375331
2356,80.05911192995721
2357,80.0432754083099
2358,80.08536989904638
2359,79.81892574135824
2360,80.04433836458465
2361,80.19271148395376
2362,80.03794362250969
2363,80.07267476853444
2364,79.8846075607308
2365,80.04088749037832
2366,80.04166893218995
2367,80.11009417174486
2368,80.07470816720826
2369,79.84056517228899
2370,79.92771104463188
2371,79.86390372323224
2372,80.05212640644432
2373,80.12059658314855
2374,80.01395399005118
2375,80.11413394334436
2376,79.79061143464337
2377,80.0547473420978
2378,80.02904112357663
2379,79.87778823825244
2380,79.72361917991309
2381,80.1798182788469
2382,79.96810953770449
2383,80.16286852059855
2384,79.97234019658552
2385,79.85430091741985
2386,79.97594510545028
2387,79.73669901981857
2388,79.98129910597292
2389,80.11984370363955
2390,80.02815960574065
2391,80.16281988256632
2392,79.95718467770739
2393,79.9052661244012
2394,79.85172854189315
2395,80.00211312558054
2396,80.16645192004259
2397,79.9032222259838
2398,80.03482189726928
2399,80.03581785751344
2400,89.81567071026907
2401,89.95542657746797
2402,90.18569141650306
2403,89.93253080431582
2404,89.81833575477471
2405,90.1355420694883
2406,89.95155613097754
2407,90.05280386089959
2408,89.80843934149821
2409,90.01176472008875
2410,89.94603287267904
2411,89.92512420473379
2412,90.31475241823836
2413,89.87836062636856
2414,89.9647904353747
2415,89.83959620220205
2416,90.02701213679589
2417,90.07382665415554
2418,89.87587665455378
2419,90.1474285645654
2420,89.9305481480106
2421,90.01084431761025
2422,89.95673145577769
2423,89.98386873447281
2424,90.11405864413435
2425,90.05805715579754
2426,89.90936357059297
2427,90.02000324079118
2428,89.77006224632905
2429,90.02119304404017
2430,89.94581400880557
2431,90.12042310040206
2432,89.97248051523825
2433,89.97887959750369
2434,89.89042482661864
2435,89.76372845083031
2436,89.96348350475519
2437,89.9950985735852
2438,89.93648407053385
2439,89.90721637927068
2440,90.0542319546655
2441,90.0178745312091
2442,90.25476135695504
2443,89.95733127238654
2444,90.15866207352698
2445,89.92333160527366
2446,89.929789513477
2447,89.96070459723465
2448,90.09149180691837
2449,90.02683495507245
2450,89.79180515999205
2451,89.92880105964095
2452,89.91631312991666
2453,89.9108302994199
2454,90.06645432435141
2455,90.03867368805872
2456,90.12091576498946
2457,90.11140334769641
2458,90.084952323424
2459,89.79642145317713
2460,89.97903387028016
2461,89.99886545004908
2462,90.19918392328083
2463,90.03010918949272
2464,89.98047454895621
2465,89.89238557121152
2466,89.8467402402116
2467,89.81986780953986
2468,89.86544522387567
2469,90.10937226254529
2470,90.0429950006262
2471,89.90568520554396
2472,90.06306653190562
2473,89.91059647471074
2474,90.07167734237142
2475,90.0938419927507
2476,90.0518926746984
2477,89.85067439554632
2478,90.05537800486702
2479,89.8289377732171
2480,90.03418681224787
2481,90.1070501321557
2482,89.9407273220631
2483,90.01333805919062
2484,89.90326604290995
2485,90.10964210533706
2486,89.94799609894001
2487,89.84970986314909
2488,90.20572186513385
2489,90.00131741000007
2490,89.8566651540169
2491,89.94932759038575
2492,89.83012567126913
2493,90.05885356596698
2494,90.16809173870581
2495,89.96388575116444
2496,90.12086594300318
2497,89.96629215478472
2498,90.01503212068468
2499,90.11531384688855
2500,89.92407486460286
2501,90.00174449543087
2502,89.9558434275205
2503,89.96755905044476
2504,90.04729949843335
2505,90.1961665848775
2506,89.96642456006852
2507,89.90594967443002
2508,90.07842727302994
2509,90.01696469282177
2510,90.04098023745837
2511,90.01625845672677
2512,89.99144009391274
2513,89.91108319165059
2514,89.97604593113822
2515,90.06944162979426
2516,90.2141643557314
2517,89.99211453814387
2518,90.01181594281805
2519,89.90562040300512
2520,89.89296847358897
2521,89.97581385806305
2522,90.04429954867989
2523,89.96377338017771
2524,89.93147821032316
2525,90.01026466461792
2526,89.95401950068994
2527,90.16366193951612
2528,90.12117885101331
2529,90.0360569103393
2530,89.91463435365762
2531,89.96750933451672
2532,90.0162600488645
2533,89.90372319816942
2534,89.89678701683494
2535,89.97531773471647
2536,89.9384429884181
2537,89.90655868969024
2538,90.079741592811
2539,89.94575665750729
2540,89.99092028773096
2541,89.99328617936759
2542,89.91231784012103
2543,90.00716547072383
2544,90.00761806209086
2545,89.97917737270352
2546,89.9322306329481
2547,89.98383526983817
2548,89.98354119696691
2549,89.95435689039158
2550,89.88722585293833
2551,89.91559220761371
2552,90.01596960035099
2553,89.96815038800776
2554,89.99602873544269
2555,90.13701560573385
2556,89.99474474212103
2557,90.06633177099579
2558,90.1513670374602
2559,89.98527162427568
2560,90.08187360650422
2561,89.97828396117302
2562,90.08688012681881
2563,89.93300363224803
2564,89.93883208577006
2565,90.13112071380563
2566,89.95467968399635
2567,90.00969972571946
2568,90.07956204185989
2569,90.06838716923313
2570,90.03618751953657
2571,90.07378792119646
2572,89.80412377567254
2573,90.16834059564985
2574,90.13402033408113
2575,90.10199126793302
2576,90.13217255685448
2577,89.93477132513398
2578,89.7635294782857
2579,90.00418040057116
2580,89.98057026711908
2581,90.17279216205422
2582,90.06791900793372
2583,89.9132851404256
2584,90.14876378690495
2585,89.92667909065909
2586,90.09977940203153
2587,90.0664064659085
2588,90.06076731369309
2589,90.0984632756785
2590,90.04800164874847
2591,89.87510795622411
2592,90.12084522654256
2593,89.96190484532592
2594,89.94215400870979
2595,89.84055292618622
2596,89.92998955854058
2597,89.91542611702198
2598,89.85806536740984
2599,89.98186469559555
2600,1.0
2601,1.0990990990990992
2602,1.1981981981981982
2603,1.2972972972972974
2604,1.3963963963963963
2605,1.4954954954954955
2606,1.5945945945945947
2607,1.6936936936936937
2608,1.7927927927927927
2609,1.8918918918918919
2610,1.990990990990991
2611,2.09009009009009
2612,2.1891891891891895
2613,2.288288288288288
2614,2.3873873873873874
2615,2.4864864864864864
2616,2.5855855855855854
2617,2.684684684684685
2618,2.7837837837837838
2619,2.8828828828828827
2620,2.981981981981982
2621,3.081081081081081
2622,3.18018018018018
2623,3.279279279279279
2624,3.3783783783783785
2625,3.4774774774774775
2626,3.5765765765765765
2627,3.675675675675676
2628,3.774774774774775
2629,3.873873873873874
2630,3.972972972972973
2631,4.072072072072072
2632,4.171171171171171
2633,4.27027027027027
2634,4.36936936936937
2635,4.468468468468469
2636,4.5675675675675675
2637,4.666666666666666
2638,4.7657657657657655
2639,4.864864864864865
2640,4.963963963963964
2641,5.063063063063063
2642,5.162162162162162
2643,5.261261261261262
2644,5.36036036036036
2645,5.45945945945946
2646,5.558558558558558
2647,5.657657657657658
2648,5.756756756756757
2649,5.8558558558558556
2650,5.954954954954955
2651,6.054054054054054
2652,6.153153153153153
2653,6.252252252252252
2654,6.351351351351352
2655,6.45045045045045
2656,6.54954954954955
2657,6.648648648648649
2658,6.747747747747748
2659,6.846846846846847
2660,6.945945945945946
2661,7.045045045045045
2662,7.1441441441441444
2663,7.243243243243243
2664,7.342342342342342
2665,7.441441441441442
2666,7.54054054054054
2667,7.63963963963964
2668,7.738738738738739
2669,7.837837837837838
2670,7.936936936936937
2671,8.036036036036036
2672,8.135135135135135
2673,8.234234234234235
2674,8.333333333333332
2675,8.432432432432432
2676,8.531531531531531
2677,8.63063063063063
2678,8.72972972972973
2679,8.82882882882883
2680,8.927927927927929
2681,9.027027027027026
2682,9.126126126126126
2683,9.225225225225225
2684,9.324324324324325
2685,9.423423423423424
2686,9.522522522522523
2687,9.621621621621621
2688,9.72072072072072
2689,9.81981981981982
2690,9.91891891891892
2691,10.018018018018019
2692,10.117117117117116
2693,10.216216216216216
2694,10.315315315315315
2695,10.414414414414415
2696,10.513513513513514
2697,10.612612612612613
2698,10.711711711711711
2699,10.81081081081081
2700,10.90990990990991
2701,11.00900900900901
2702,11.108108108108109
2703,11.207207207207206
2704,11.306306306306306
2705,11.405405405405405
2706,11.504504504504505
2707,11.603603603603604
2708,11.702702702702704
2709,11.801801801801801
2710,11.9009009009009
2711,12.0
2712,12.0990990990991
2713,12.198198198198199
2714,12.297297297297298
2715,12.396396396396396
2716,12.495495495495495
2717,12.594594594594595
2718,12.693693693693694
2719,12.792792792792794
2720,12.891891891891891
2721,12.99099099099099
2722,13.09009009009009
2723,13.18918918918919
2724,13.288288288288289
2725,13.387387387387388
2726,13.486486486486486
2727,13.585585585585585
2728,13.684684684684685
2729,13.783783783783784
2730,13.882882882882884
2731,13.981981981981981
2732,14.08108108108108
2733,14.18018018018018
2734,14.27927927927928
2735,14.378378378378379
2736,14.477477477477478
2737,14.576576576576576
2738,14.675675675675675
2739,14.774774774774775
2740,14.873873873873874
2741,14.972972972972974
2742,15.072072072072071
2743,15.17117117117117
2744,15.27027027027027
2745,15.36936936936937
2746,15.468468468468469
2747,15.567567567567568
2748,15.666666666666666
2749,15.765765765765765
2750,15.864864864864865
2751,15.963963963963964
2752,16.063063063063062
2753,16.16216216216216
2754,16.26126126126126
2755,16.36036036036036
2756,16.45945945945946
2757,16.55855855855856
2758,16.65765765765766
2759,16.756756756756758
2760,16.855855855855857
2761,16.954954954954957
2762,17.054054054054053
2763,17.153153153153152
2764,17.25225225225225
2765,17.35135135135135
2766,17.45045045045045
2767,17.54954954954955
2768,17.64864864864865
2769,17.74774774774775
2770,17.846846846846848
2771,17.945945945945947
2772,18.045045045045047
2773,18.144144144144143
2774,18.243243243243242
2775,18.34234234234234
2776,18.44144144144144
2777,18.54054054054054
2778,18.63963963963964
2779,18.73873873873874
2780,18.83783783783784
2781,18.936936936936938
2782,19.036036036036037
2783,19.135135135135137
2784,19.234234234234233
2785,19.333333333333332
2786,19.43243243243243
2787,19.53153153153153
2788,19.63063063063063
2789,19.72972972972973
2790,19.82882882882883
2791,19.92792792792793
2792,20.027027027027028
2793,20.126126126126128
2794,20.225225225225227
2795,20.324324324324323
2796,20.423423423423422
2797,20.52252252252252
2798,20.62162162162162
2799,20.72072072072072
2800,20.81981981981982
2801,20.91891891891892
2802,21.01801801801802
2803,21.117117117117118
2804,21.216216216216218
2805,21.315315315315317
2806,21.414414414414413
2807,21.513513513513512
2808,21.61261261261261
2809,21.71171171171171
2810,21.81081081081081
2811,21.90990990990991
2812,22.00900900900901
2813,22.10810810810811
2814,22.207207207207208
2815,22.306306306306308
2816,22.405405405405407
2817,22.504504504504506
2818,22.603603603603602
2819,22.7027027027027
2820,22.8018018018018
2821,22.9009009009009
2822,23.0
2823,23.0990990990991
2824,23.1981981981982
2825,23.2972972972973
2826,23.396396396396398
2827,23.495495495495497
2828,23.594594594594597
2829,23.693693693693692
2830,23.792792792792792
2831,23.89189189189189
2832,23.99099099099099
2833,24.09009009009009
2834,24.18918918918919
2835,24.28828828828829
2836,24.38738738738739
2837,24.486486486486488
2838,24.585585585585587
2839,24.684684684684687
2840,24.783783783783782
2841,24.882882882882882
2842,24.98198198198198
2843,25.08108108108108
2844,25.18018018018018
2845,25.27927927927928
2846,25.37837837837838
2847,25.47747747747748
2848,25.576576576576578
2849,25.675675675675677
2850,25.774774774774777
2851,25.873873873873872
2852,25.972972972972972
2853,26.07207207207207
2854,26.17117117117117
2855,26.27027027027027
2856,26.36936936936937
2857,26.46846846846847
2858,26.56756756756757
2859,26.666666666666668
2860,26.765765765765767
2861,26.864864864864867
2862,26.963963963963963
2863,27.063063063063062
2864,27.16216216216216
2865,27.26126126126126
2866,27.36036036036036
2867,27.45945945945946
2868,27.55855855855856
2869,27.65765765765766
2870,27.756756756756758
2871,27.855855855855857
2872,27.954954954954957
2873,28.054054054054053
2874,28.153153153153152
2875,28.25225225225225
2876,28.35135135135135
2877,28.45045045045045
2878,28.54954954954955
2879,28.64864864864865
2880,28.74774774774775
2881,28.846846846846848
2882,28.945945945945947
2883,29.045045045045047
2884,29.144144144144143
2885,29.243243243243242
2886,29.34234234234234
2887,29.44144144144144
2888,29.54054054054054
2889,29.63963963963964
2890,29.73873873873874
2891,29.83783783783784
2892,29.936936936936938
2893,30.036036036036037
2894,30.135135135135137
2895,30.234234234234233
2896,30.333333333333332
2897,30.43243243243243
2898,30.53153153153153
2899,30.63063063063063
2900,30.72972972972973
2901,30.82882882882883
2902,30.92792792792793
2903,31.027027027027028
2904,31.126126126126128
2905,31.225225225225227
2906,31.324324324324326
2907,31.423423423423422
2908,31.52252252252252
2909,31.62162162162162
2910,31.72072072072072
2911,31.81981981981982
2912,31.91891891891892
2913,32.01801801801802
2914,32.11711711711712
2915,32.21621621621622
2916,32.31531531531532
2917,32.414414414414416
2918,32.513513513513516
2919,32.61261261261261
2920,32.711711711711715
2921,32.81081081081081
2922,32.90990990990991
2923,33.009009009009006
2924,33.108108108108105
2925,33.207207207207205
2926,33.306306306306304
2927,33.4054054054054
2928,33.5045045045045
2929,33.6036036036036
2930,33.7027027027027
2931,33.8018018018018
2932,33.9009009009009
2933,34.0
2934,34.0990990990991
2935,34.1981981981982
2936,34.2972972972973
2937,34.3963963963964
2938,34.4954954954955
2939,34.5945945945946
2940,34.693693693693696
2941,34.792792792792795
2942,34.891891891891895
2943,34.990990990990994
2944,35.090090090090094
2945,35.18918918918919
2946,35.288288288288285
2947,35.387387387387385
2948,35.486486486486484
2949,35.585585585585584
2950,35.68468468468468
2951,35.78378378378378
2952,35.88288288288288
2953,35.98198198198198
2954,36.08108108108108
2955,36.18018018018018
2956,36.27927927927928
2957,36.37837837837838
2958,36.47747747747748
2959,36.57657657657658
2960,36.67567567567568
2961,36.77477477477478
2962,36.873873873873876
2963,36.972972972972975
2964,37.072072072072075
2965,37.171171171171174
2966,37.270270270270274
2967,37.36936936936937
2968,37.468468468468465
2969,37.567567567567565
2970,37.666666666666664
2971,37.765765765765764
2972,37.86486486486486
2973,37.96396396396396
2974,38.06306306306306
2975,38.16216216216216
2976,38.26126126126126
2977,38.36036036036036
2978,38.45945945945946
2979,38.55855855855856
2980,38.65765765765766
2981,38.75675675675676
2982,38.85585585585586
2983,38.95495495495496
2984,39.054054054054056
2985,39.153153153153156
2986,39.252252252252255
2987,39.351351351351354
2988,39.450450450450454
2989,39.54954954954955
2990,39.648648648648646
2991,39.747747747747745
2992,39.846846846846844
2993,39.945945945945944
2994,40.04504504504504
2995,40.14414414414414
2996,40.24324324324324
2997,40.34234234234234
2998,40.44144144144144
2999,40.54054054054054
3000,40.63963963963964
3001,40.73873873873874
3002,40.83783783783784
3003,40.93693693693694
3004,41.03603603603604
3005,41.13513513513514
3006,41.234234234234236
3007,41.333333333333336
3008,41.432432432432435
3009,41.531531531531535
3010,41.630630630630634
3011,41.72972972972973
3012,41.828828828828826
3013,41.927927927927925
3014,42.027027027027025
3015,42.126126126126124
3016,42.22522522522522
3017,42.32432432432432
3018,42.42342342342342
3019,42.52252252252252
3020,42.62162162162162
3021,42.72072072072072
3022,42.81981981981982
3023,42.91891891891892
3024,43.01801801801802
3025,43.11711711711712
3026,43.21621621621622
3027,43.31531531531532
3028,43.414414414414416
3029,43.513513513513516
3030,43.612612612612615
3031,43.711711711711715
3032,43.810810810810814
3033,43.90990990990991
3034,44.00900900900901
3035,44.108108108108105
3036,44.207207207207205
3037,44.306306306306304
3038,44.4054054054054
3039,44.5045045045045
3040,44.6036036036036
3041,44.7027027027027
3042,44.8018018018018
3043,44.9009009009009
3044,45.0
3045,45.0990990990991
3046,45.1981981981982
3047,45.2972972972973
3048,45.3963963963964
3049,45.4954954954955
3050,45.5945945945946
3051,45.693693693693696
3052,45.792792792792795
3053,45.891891891891895
3054,45.990990990990994
3055,46.090090090090094
3056,46.18918918918919
3057,46.288288288288285
3058,46.387387387387385
3059,46.486486486486484
3060,46.585585585585584
3061,46.68468468468468
3062,46.78378378378378
3063,46.88288288288288
3064,46.98198198198198
3065,47.08108108108108
3066,47.18018018018018
3067,47.27927927927928
3068,47.37837837837838
3069,47.47747747747748
3070,47.57657657657658
3071,47.67567567567568
3072,47.77477477477478
3073,47.873873873873876
3074,47.972972972972975
3075,48.072072072072075
3076,48.171171171171174
3077,48.270270270270274
3078,48.36936936936937
3079,48.468468468468465
3080,48.567567567567565
3081,48.666666666666664
3082,48.765765765765764
3083,48.86486486486486
3084,48.96396396396396
3085,49.06306306306306
3086,49.16216216216216
3087,49.26126126126126
3088,49.36036036036036
3089,49.45945945945946
3090,49.55855855855856
3091,49.65765765765766
3092,49.75675675675676
3093,49.85585585585586
3094,49.95495495495496
3095,50.054054054054056
3096,50.153153153153156
3097,50.252252252252255
3098,50.351351351351354
3099,50.450450450450454
3100,50.54954954954955
3101,50.648648648648646
3102,50.747747747747745
3103,50.846846846846844
3104,50.945945945945944
3105,51.04504504504504
3106,51.14414414414414
3107,51.24324324324324
3108,51.34234234234234
3109,51.44144144144144
3110,51.54054054054054
3111,51.63963963963964
3112,51.73873873873874
3113,51.83783783783784
3114,51.93693693693694
3115,52.03603603603604
3116,52.13513513513514
3117,52.234234234234236
3118,52.333333333333336
3119,52.432432432432435
3120,52.531531531531535
3121,52.630630630630634
3122,52.72972972972973
3123,52.82882882882883
3124,52.927927927927925
3125,53.027027027027025
3126,53.126126126126124
3127,53.22522522522522
3128,53.32432432432432
3129,53.42342342342342
3130,53.52252252252252
3131,53.62162162162162
3132,53.72072072072072
3133,53.81981981981982
3134,53.91891891891892
3135,54.01801801801802
3136,54.11711711711712
3137,54.21621621621622
3138,54.31531531531532
3139,54.414414414414416
3140,54.513513513513516
3141,54.612612612612615
3142,54.711711711711715
3143,54.810810810810814
3144,54.90990990990991
3145,55.00900900900901
3146,55.108108108108105
3147,55.207207207207205
3148,55.306306306306304
3149,55.4054054054054
3150,55.5045045045045
3151,55.6036036036036
3152,55.7027027027027
3153,55.8018018018018
3154,55.9009009009009
3155,56.0
3156,56.0990990990991
3157,56.1981981981982
3158,56.2972972972973
3159,56.3963963963964
3160,56.4954954954955
3161,56.5945945945946
3162,56.693693693693696
3163,56.792792792792795
3164,56.891891891891895
3165,56.990990990990994
3166,57.090090090090094
3167,57.18918918918919
3168,57.288288288288285
3169,57.387387387387385
3170,57.486486486486484
3171,57.585585585585584
3172,57.68468468468468
3173,57.78378378378378
3174,57.88288288288288
3175,57.98198198198198
3176,58.08108108108108
3177,58.18018018018018
3178,58.27927927927928
3179,58.37837837837838
3180,58.47747747747748
3181,58.57657657657658
3182,58.67567567567568
3183,58.77477477477478
3184,58.873873873873876
3185,58.972972972972975
3186,59.072072072072075
3187,59.171171171171174
3188,59.270270270270274
3189,59.36936936936937
3190,59.468468468468465
3191,59.567567567567565
3192,59.666666666666664
3193,59.765765765765764
3194,59.86486486486486
3195,59.96396396396396
3196,60.06306306306306
3197,60.16216216216216
3198,60.26126126126126
3199,60.36036036036036
3200,60.45945945945946
3201,60.55855855855856
3202,60.65765765765766
3203,60.75675675675676
3204,60.85585585585586
3205,60.95495495495496
3206,61.054054054054056
3207,61.153153153153156
3208,61.252252252252255
3209,61.351351351351354
3210,61.450450450450454
3211,61.54954954954955
3212,61.64864864864865
3213,61.747747747747745
3214,61.846846846846844
3215,61.945945945945944
3216,62.04504504504504
3217,62.14414414414414
3218,62.24324324324324
3219,62.34234234234234
3220,62.44144144144144
3221,62.54054054054054
3222,62.63963963963964
3223,62.73873873873874
3224,62.83783783783784
3225,62.93693693693694
3226,63.03603603603604
3227,63.13513513513514
3228,63.234234234234236
3229,63.333333333333336
3230,63.432432432432435
3231,63.531531531531535
3232,63.630630630630634
3233,63.72972972972973
3234,63.82882882882883
3235,63.927927927927925
3236,64.02702702702703
3237,64.12612612612612
3238,64.22522522522522
3239,64.32432432432432
3240,64.42342342342343
3241,64.52252252252252
3242,64.62162162162161
3243,64.72072072072072
3244,64.81981981981983
3245,64.91891891891892
3246,65.01801801801801
3247,65.11711711711712
3248,65.21621621621621
3249,65.31531531531532
3250,65.41441441441441
3251,65.51351351351352
3252,65.61261261261261
3253,65.71171171171171
3254,65.8108108108108
3255,65.90990990990991
3256,66.009009009009
3257,66.10810810810811
3258,66.2072072072072
3259,66.30630630630631
3260,66.4054054054054
3261,66.50450450450451
3262,66.6036036036036
3263,66.70270270270271
3264,66.8018018018018
3265,66.90090090090091
3266,67.0
3267,67.0990990990991
3268,67.1981981981982
3269,67.29729729729729
3270,67.3963963963964
3271,67.49549549549549
3272,67.5945945945946
3273,67.69369369369369
3274,67.7927927927928
3275,67.89189189189189
3276,67.990990990991
3277,68.09009009009009
3278,68.1891891891892
3279,68.28828828828829
3280,68.38738738738739
3281,68.48648648648648
3282,68.58558558558559
3283,68.68468468468468
3284,68.78378378378379
3285,68.88288288288288
3286,68.98198198198199
3287,69.08108108108108
3288,69.18018018018019
3289,69.27927927927928
3290,69.37837837837839
3291,69.47747747747748
3292,69.57657657657657
3293,69.67567567567568
3294,69.77477477477477
3295,69.87387387387388
3296,69.97297297297297
3297,70.07207207207207
3298,70.17117117117117
3299,70.27027027027027
3300,70.36936936936937
3301,70.46846846846847
3302,70.56756756756756
3303,70.66666666666667
3304,70.76576576576576
3305,70.86486486486487
3306,70.96396396396396
3307,71.06306306306307
3308,71.16216216216216
3309,71.26126126126127
3310,71.36036036036036
3311,71.45945945945947
3312,71.55855855855856
3313,71.65765765765765
3314,71.75675675675676
3315,71.85585585585585
3316,71.95495495495496
3317,72.05405405405405
3318,72.15315315315316
3319,72.25225225225225
3320,72.35135135135135
3321,72.45045045045045
3322,72.54954954954955
3323,72.64864864864865
3324,72.74774774774775
3325,72.84684684684684
3326,72.94594594594595
3327,73.04504504504504
3328,73.14414414414415
3329,73.24324324324324
3330,73.34234234234235
3331,73.44144144144144
3332,73.54054054054055
3333,73.63963963963964
3334,73.73873873873875
3335,73.83783783783784
3336,73.93693693693693
3337,74.03603603603604
3338,74.13513513513513
3339,74.23423423423424
3340,74.33333333333333
3341,74.43243243243244
3342,74.53153153153153
3343,74.63063063063063
3344,74.72972972972973
3345,74.82882882882883
3346,74.92792792792793
3347,75.02702702702703
3348,75.12612612612612
3349,75.22522522522523
3350,75.32432432432432
3351,75.42342342342343
3352,75.52252252252252
3353,75.62162162162163
3354,75.72072072072072
3355,75.81981981981983
3356,75.91891891891892
3357,76.01801801801801
3358,76.11711711711712
3359,76.21621621621621
3360,76.31531531531532
3361,76.41441441441441
3362,76.51351351351352
3363,76.61261261261261
3364,76.71171171171171
3365,76.8108108108108
3366,76.90990990990991
3367,77.009009009009
3368,77.10810810810811
3369,77.2072072072072
3370,77.30630630630631
3371,77.4054054054054
3372,77.50450450450451
3373,77.6036036036036
3374,77.70270270270271
3375,77.8018018018018
3376,77.90090090090091
3377,78.0
3378,78.0990990990991
3379,78.1981981981982
3380,78.29729729729729
3381,78.3963963963964
3382,78.49549549549549
3383,78.5945945945946
3384,78.69369369369369
3385,78.7927927927928
3386,78.89189189189189
3387,78.990990990991
3388,79.09009009009009
3389,79.1891891891892
3390,79.28828828828829
3391,79.38738738738739
3392,79.48648648648648
3393,79.58558558558559
3394,79.68468468468468
3395,79.78378378378379
3396,79.88288288288288
3397,79.98198198198199
3398,80.08108108108108
3399,80.18018018018019
3400,80.27927927927928
3401,80.37837837837839
3402,80.47747747747748
3403,80.57657657657657
3404,80.67567567567568
3405,80.77477477477477
3406,80.87387387387388
3407,80.97297297297297
3408,81.07207207207207
3409,81.17117117117117
3410,81.27027027027027
3411,81.36936936936937
3412,81.46846846846847
3413,81.56756756756756
3414,81.66666666666667
3415,81.76576576576576
3416,81.86486486486487
3417,81.96396396396396
3418,82.06306306306307
3419,82.16216216216216
3420,82.26126126126127
3421,82.36036036036036
3422,82.45945945945947
3423,82.55855855855856
3424,82.65765765765765
3425,82.75675675675676
3426,82.85585585585585
3427,82.95495495495496
3428,83.05405405405405
3429,83.15315315315316
3430,83.25225225225225
3431,83.35135135135135
3432,83.45045045045045
3433,83.54954954954955
3434,83.64864864864865
3435,83.74774774774775
3436,83.84684684684684
3437,83.94594594594595
3438,84.04504504504504
3439,84.14414414414415
3440,84.24324324324324
3441,84.34234234234235
3442,84.44144144144144
3443,84.54054054054055
3444,84.63963963963964
3445,84.73873873873875
3446,84.83783783783784
3447,84.93693693693693
3448,85.03603603603604
3449,85.13513513513513
3450,85.23423423423424
3451,85.33333333333333
3452,85.43243243243244
3453,85.53153153153153
3454,85.63063063063063
3455,85.72972972972973
3456,85.82882882882883
3457,85.92792792792793
3458,86.02702702702703
3459,86.12612612612612
3460,86.22522522522523
3461,86.32432432432432
3462,86.42342342342343
3463,86.52252252252252
3464,86.62162162162163
3465,86.72072072072072
3466,86.81981981981983
3467,86.91891891891892
3468,87.01801801801803
3469,87.11711711711712
3470,87.21621621621621
3471,87.31531531531532
3472,87.41441441441441
3473,87.51351351351352
3474,87.61261261261261
3475,87.71171171171171
3476,87.8108108108108
3477,87.90990990990991
3478,88.009009009009
3479,88.10810810810811
3480,88.2072072072072
3481,88.30630630630631
3482,88.4054054054054
3483,88.50450450450451
3484,88.6036036036036
3485,88.70270270270271
3486,88.8018018018018
3487,88.90090090090091
3488,89.0
3489,89.0990990990991
3490,89.1981981981982
3491,89.29729729729729
3492,89.3963963963964
3493,89.49549549549549
3494,89.5945945945946
3495,89.69369369369369
3496,89.7927927927928
3497,89.89189189189189
3498,89.990990990991
3499,90.09009009009009
3500,90.1891891891892
3501,90.28828828828829
3502,90.38738738738739
3503,90.48648648648648
3504,90.58558558558559
3505,90.68468468468468
3506,90.78378378378379
3507,90.88288288288288
3508,90.98198198198199
3509,91.08108108108108
3510,91.18018018018019
3511,91.27927927927928
3512,91.37837837837839
3513,91.47747747747748
3514,91.57657657657657
3515,91.67567567567568
3516,91.77477477477477
3517,91.87387387387388
3518,91.97297297297297
3519,92.07207207207207
3520,92.17117117117117
3521,92.27027027027027
3522,92.36936936936937
3523,92.46846846846847
3524,92.56756756756756
3525,92.66666666666667
3526,92.76576576576576
3527,92.86486486486487
3528,92.96396396396396
3529,93.06306306306307
3530,93.16216216216216
3531,93.26126126126127
3532,93.36036036036036
3533,93.45945945945947
3534,93.55855855855856
3535,93.65765765765765
3536,93.75675675675676
3537,93.85585585585585
3538,93.95495495495496
3539,94.05405405405405
3540,94.15315315315316
3541,94.25225225225225
3542,94.35135135135135
3543,94.45045045045045
3544,94.54954954954955
3545,94.64864864864865
3546,94.74774774774775
3547,94.84684684684684
3548,94.94594594594595
3549,95.04504504504504
3550,95.14414414414415
3551,95.24324324324324
3552,95.34234234234235
3553,95.44144144144144
3554,95.54054054054055
3555,95.63963963963964
3556,95.73873873873875
3557,95.83783783783784
3558,95.93693693693693
3559,96.03603603603604
3560,96.13513513513513
3561,96.23423423423424
3562,96.33333333333333
3563,96.43243243243244
3564,96.53153153153153
3565,96.63063063063063
3566,96.72972972972973
3567,96.82882882882883
3568,96.92792792792793
3569,97.02702702702703
3570,97.12612612612612
3571,97.22522522522523
3572,97.32432432432432
3573,97.42342342342343
3574,97.52252252252252
3575,97.62162162162163
3576,97.72072072072072
3577,97.81981981981983
3578,97.91891891891892
3579,98.01801801801803
3580,98.11711711711712
3581,98.21621621621621
3582,98.31531531531532
3583,98.41441441441441
3584,98.51351351351352
3585,98.61261261261261
3586,98.71171171171171
3587,98.8108108108108
3588,98.90990990990991
3589,99.009009009009
3590,99.10810810810811
3591,99.2072072072072
3592,99.30630630630631
3593,99.4054054054054
3594,99.50450450450451
3595,99.6036036036036
3596,99.70270270270271
3597,99.8018018018018
3598,99.90090090090091
3599,100.0
